DROP TABLE IF EXISTS Trades CASCADE;

DROP TABLE IF EXISTS AccountUsers CASCADE; 

DROP TABLE IF EXISTS Positions CASCADE; 

DROP TABLE IF EXISTS Accounts CASCADE; 

DROP SEQUENCE IF EXISTS ACCOUNTS_SEQ;

CREATE TABLE Accounts ( ID INTEGER PRIMARY KEY, DisplayName VARCHAR (50) ) ; 

CREATE TABLE AccountUsers ( AccountID INTEGER NOT NULL, Username VARCHAR(15) NOT NULL, PRIMARY KEY (AccountID,Username));  

ALTER TABLE AccountUsers ADD FOREIGN KEY (AccountID) REFERENCES Accounts(ID); 

CREATE TABLE Positions ( AccountID INTEGER , Security VARCHAR(15) , Updated TIMESTAMP, Quantity INTEGER, PRIMARY KEY (AccountID, Security) );  

ALTER TABLE Positions ADD FOREIGN KEY (AccountID) REFERENCES Accounts(ID) ; 

CREATE TABLE Trades ( ID VARCHAR (50) PRIMARY KEY, AccountID INTEGER, Created TIMESTAMP, Updated TIMESTAMP, Security VARCHAR (15) ,  Side VARCHAR(10) CHECK (Side IN ('Buy','Sell')),  Quantity INTEGER CHECK (Quantity > 0) , State VARCHAR(20) CHECK (State IN ('New', 'Processing', 'Settled', 'Cancelled'))) ;  

ALTER TABLE Trades ADD FOREIGN KEY (AccountID) REFERENCES Accounts(ID); 

CREATE SEQUENCE ACCOUNTS_SEQ START WITH 65000 INCREMENT BY 1;

--- SAMPLE DATA ---

INSERT into Accounts (ID, DisplayName) VALUES (22214, 'Test Account 20'); 
INSERT into Accounts (ID, DisplayName) VALUES (11413, 'Private Clients Fund TTXX'); 
INSERT into Accounts (ID, DisplayName) VALUES (42422, 'Algo Execution Partners'); 
INSERT into Accounts (ID, DisplayName) VALUES (52355, 'Big Corporate Fund'); 
INSERT into Accounts (ID, DisplayName) VALUES (62654, 'Hedge Fund TXY1'); 
INSERT into Accounts (ID, DisplayName) VALUES (10031, 'Internal Trading Book'); 
INSERT into Accounts (ID, DisplayName) VALUES (44044, 'Trading Account 1'); 

INSERT into AccountUsers (AccountID, Username) VALUES (22214, 'user01'); 
INSERT into AccountUsers (AccountID, Username) VALUES (22214, 'user03'); 
INSERT into AccountUsers (AccountID, Username) VALUES (22214, 'user09'); 
INSERT into AccountUsers (AccountID, Username) VALUES (22214, 'user05'); 
INSERT into AccountUsers (AccountID, Username) VALUES (22214, 'user07'); 

INSERT into AccountUsers (AccountID, Username) VALUES (62654, 'user09'); 
INSERT into AccountUsers (AccountID, Username) VALUES (62654, 'user05'); 
INSERT into AccountUsers (AccountID, Username) VALUES (62654, 'user07'); 
INSERT into AccountUsers (AccountID, Username) VALUES (62654, 'user01'); 

INSERT into AccountUsers (AccountID, Username) VALUES (10031, 'user01'); 
INSERT into AccountUsers (AccountID, Username) VALUES (10031, 'user03'); 
INSERT into AccountUsers (AccountID, Username) VALUES (10031, 'user09'); 

INSERT into AccountUsers (AccountID, Username) VALUES (44044, 'user09'); 
INSERT into AccountUsers (AccountID, Username) VALUES (44044, 'user05'); 
INSERT into AccountUsers (AccountID, Username) VALUES (44044, 'user07'); 
INSERT into AccountUsers (AccountID, Username) VALUES (44044, 'user04'); 
INSERT into AccountUsers (AccountID, Username) VALUES (44044, 'user01'); 
INSERT into AccountUsers (AccountID, Username) VALUES (44044, 'user06'); 
 

INSERT into Trades(ID, Created, Updated, Security, Side, Quantity, State, AccountID) VALUES('TRADE-22214-AABBCC', NOW(), NOW(), 'IBM', 'Sell', 100, 'Settled', 22214); 
INSERT into Trades(ID, Created, Updated, Security, Side, Quantity, State, AccountID) VALUES('TRADE-22214-DDEEFF', NOW(), NOW(), 'MS', 'Buy', 1000, 'Settled', 22214); 
INSERT into Trades(ID, Created, Updated, Security, Side, Quantity, State, AccountID) VALUES('TRADE-22214-GGHHII', NOW(), NOW(), 'C', 'Sell', 2000, 'Settled', 22214); 

INSERT into Positions (AccountID, Security, Updated, Quantity) VALUES(22214, 'MS',NOW(), 1000); 
INSERT into Positions (AccountID, Security, Updated, Quantity) VALUES(22214, 'IBM',NOW(), -100); 
INSERT into Positions (AccountID, Security, Updated, Quantity) VALUES(22214, 'C',NOW(), -2000); 


INSERT into Trades(ID, Created, Updated, Security, Side, Quantity, State, AccountID) VALUES('TRADE-52355-AABBCC', NOW(), NOW(), 'BAC', 'Sell', 2400, 'Settled', 52355); 
INSERT into Positions (AccountID, Security, Updated, Quantity) VALUES(52355, 'BAC',NOW(), -2400); 